Student_ID,Age,Study_Hours,Attendance,Assignment_Score,Marks,Result
S001,18,7.1,91.1,86.8,83.8,Pass
S002,22,5.3,83.8,74.1,84.8,Pass
S003,21,4.7,78.7,78.1,64.9,Pass
S004,20,2.9,83.5,69.2,66.9,Pass
S005,20,1.7,99.5,61.6,69.3,Pass
S006,23,4.0,100.0,95.4,100.0,Pass
S007,18,4.9,80.7,93.4,65.3,Pass
S008,22,8.5,81.6,100.0,100.0,Pass
S009,19,5.3,90.8,75.2,84.6,Pass
S010,18,7.0,71.5,92.7,88.7,Pass
S011,21,4.0,83.3,81.1,75.2,Pass
S012,23,2.6,79.7,73.3,69.9,Pass
S013,22,3.1,83.1,82.4,68.2,Pass
S014,22,3.5,71.7,77.0,80.7,Pass
S015,22,9.3,64.1,99.7,89.8,Pass
S016,22,3.4,59.3,74.4,72.9,Pass
S017,21,6.7,68.8,86.9,76.8,Pass
S018,18,3.2,75.4,57.1,66.8,Pass
S019,23,6.9,77.1,87.1,76.8,Pass
S020,20,5.8,99.4,81.6,92.9,Pass
S021,21,4.7,91.1,70.0,93.4,Pass
S022,20,4.9,70.4,90.7,73.4,Pass
S023,19,3.7,83.5,88.7,71.0,Pass
S024,23,5.9,75.9,93.1,71.0,Pass
S025,22,4.1,77.2,77.3,70.5,Pass
S026,21,2.5,81.9,80.5,51.8,Pass
S027,20,2.4,86.2,70.2,59.0,Pass
S028,22,5.3,76.6,81.6,80.4,Pass
S029,21,8.2,90.6,85.4,100.0,Pass
S030,20,5.3,68.6,81.7,100.0,Pass
S031,20,4.8,80.1,79.1,71.8,Pass
S032,19,5.6,100.0,75.0,100.0,Pass
S033,18,7.6,82.2,89.8,94.0,Pass
S034,21,5.4,94.3,82.9,83.6,Pass
S035,23,4.2,80.9,90.7,78.2,Pass
S036,18,7.2,85.8,96.4,91.6,Pass
S037,23,5.9,79.4,83.0,83.3,Pass
S038,22,8.1,78.3,93.5,89.2,Pass
S039,19,5.4,72.2,79.9,64.7,Pass
S040,21,2.6,84.3,69.0,53.6,Pass
S041,18,2.3,71.5,58.4,67.4,Pass
S042,22,8.3,86.7,92.6,94.4,Pass
S043,22,8.4,90.9,89.0,93.5,Pass
S044,20,4.6,83.7,68.5,77.4,Pass
S045,18,4.2,77.1,79.8,80.1,Pass
S046,23,7.9,84.5,94.9,95.7,Pass
S047,20,2.8,76.9,55.7,60.0,Pass
S048,23,3.2,89.4,72.9,83.3,Pass
S049,22,6.3,61.7,89.3,92.3,Pass
S050,22,4.2,76.6,84.1,77.3,Pass
S051,22,5.0,60.1,84.0,79.8,Pass
S052,19,4.7,65.0,75.8,82.4,Pass
S053,20,5.7,93.6,77.9,96.4,Pass
S054,20,7.8,89.0,83.6,100.0,Pass
S055,20,5.2,72.8,81.7,81.9,Pass
S056,18,6.3,65.0,84.9,83.9,Pass
S057,21,1.0,50.4,68.4,37.8,Fail
S058,18,4.9,74.6,86.8,81.9,Pass
S059,22,3.3,100.0,75.1,64.3,Pass
S060,22,2.6,84.3,60.6,60.4,Pass
S061,23,3.2,74.4,68.6,78.8,Pass
S062,22,4.3,84.7,79.2,83.7,Pass
S063,20,6.8,64.4,82.2,94.9,Pass
S064,23,2.3,77.0,63.4,61.0,Pass
S065,20,5.1,81.0,82.0,68.5,Pass
S066,19,4.0,79.1,71.2,70.5,Pass
S067,23,4.3,87.9,73.0,78.2,Pass
S068,20,7.0,83.4,90.5,89.9,Pass
S069,18,6.1,86.7,81.8,96.0,Pass
S070,20,7.7,73.1,90.9,85.8,Pass
S071,22,4.7,89.0,82.0,82.8,Pass
S072,19,3.6,96.3,67.6,67.8,Pass
S073,20,4.6,70.3,72.2,76.7,Pass
S074,18,5.5,71.1,91.3,77.4,Pass
S075,22,5.4,93.4,74.1,77.9,Pass
S076,20,2.8,78.1,53.3,64.2,Pass
S077,19,5.2,94.0,67.8,82.2,Pass
S078,19,5.5,75.6,80.8,76.5,Pass
S079,21,10.0,94.6,100.0,100.0,Pass
S080,22,8.8,81.3,93.9,96.6,Pass
S081,23,3.3,82.6,82.8,68.2,Pass
S082,20,4.4,95.6,58.4,61.6,Pass
S083,18,2.1,76.4,70.3,54.2,Pass
S084,22,3.8,70.6,85.4,66.3,Pass
S085,21,5.6,75.5,72.0,73.3,Pass
S086,22,7.4,84.5,86.8,100.0,Pass
S087,18,3.5,64.3,64.6,63.5,Pass
S088,19,3.7,86.4,68.2,85.3,Pass
S089,22,1.0,74.6,59.8,56.7,Pass
S090,22,4.7,91.5,91.7,80.9,Pass
S091,20,2.9,56.1,81.4,58.3,Pass
S092,22,3.9,72.1,70.9,69.8,Pass
S093,23,3.2,63.1,84.4,78.6,Pass
S094,20,4.8,71.7,77.4,53.2,Pass
S095,23,1.5,82.5,79.9,43.4,Pass
S096,19,2.1,78.2,66.7,58.0,Pass
S097,19,9.3,77.5,97.2,98.8,Pass
S098,22,2.4,78.4,71.6,70.7,Pass
S099,21,2.8,82.0,96.4,72.0,Pass
S100,18,8.7,69.9,99.2,89.5,Pass
S101,22,10.0,87.1,95.0,100.0,Pass
S102,19,2.7,86.6,79.1,78.1,Pass
S103,22,4.3,83.9,74.4,77.5,Pass
S104,18,5.7,85.6,79.3,92.1,Pass
S105,22,8.5,83.0,100.0,99.0,Pass
S106,22,3.0,100.0,75.2,69.9,Pass
S107,22,4.5,79.1,79.5,81.5,Pass
S108,21,6.6,76.9,85.4,85.9,Pass
S109,20,5.9,72.5,84.3,79.9,Pass
S110,22,4.2,69.7,77.7,83.7,Pass
S111,19,4.7,67.6,60.5,50.1,Pass
S112,22,2.3,71.1,72.3,48.6,Pass
S113,21,4.5,79.3,69.4,64.6,Pass
S114,20,4.5,83.3,66.5,73.4,Pass
S115,21,5.5,80.5,81.0,78.4,Pass
S116,21,3.9,72.3,74.3,56.2,Pass
S117,18,5.9,89.0,79.1,76.8,Pass
S118,18,7.0,87.4,95.4,82.8,Pass
S119,19,5.3,78.4,69.6,100.0,Pass
S120,18,5.7,73.5,77.8,95.4,Pass
S121,20,5.1,85.5,76.1,76.7,Pass
S122,22,5.0,81.9,79.4,75.4,Pass
S123,21,3.6,65.5,73.4,55.6,Pass
S124,20,5.6,79.3,73.6,63.6,Pass
S125,23,4.8,82.6,84.9,76.9,Pass
S126,21,9.2,71.0,95.1,86.9,Pass
S127,18,8.1,81.9,77.0,93.4,Pass
S128,22,5.8,65.5,64.3,62.5,Pass
S129,21,3.5,93.4,75.7,68.3,Pass
S130,21,2.8,92.5,71.1,72.7,Pass
S131,21,7.4,77.5,87.7,92.4,Pass
S132,21,5.5,83.6,81.8,85.5,Pass
S133,18,6.0,55.9,80.9,62.7,Pass
S134,21,1.5,68.4,70.9,64.1,Pass
S135,22,6.9,77.1,77.6,79.3,Pass
S136,19,5.9,69.3,71.7,84.5,Pass
S137,21,2.8,87.1,63.1,69.4,Pass
S138,18,4.1,100.0,81.7,68.1,Pass
S139,20,5.5,68.2,89.2,73.5,Pass
S140,20,5.1,71.6,74.8,78.8,Pass
S141,23,4.4,82.4,57.4,81.4,Pass
S142,19,4.8,96.1,67.9,81.4,Pass
S143,19,4.5,67.8,68.5,85.0,Pass
S144,20,5.3,82.5,76.6,89.4,Pass
S145,23,7.9,98.2,91.0,96.6,Pass
S146,23,1.0,63.5,60.7,59.0,Pass
S147,18,4.5,67.2,72.6,88.4,Pass
S148,19,5.4,75.8,88.6,96.2,Pass
S149,22,5.6,74.8,75.5,68.1,Pass
S150,18,4.3,88.1,71.2,69.0,Pass
S151,23,1.5,82.4,69.7,74.7,Pass
S152,19,5.7,62.3,66.7,65.8,Pass
S153,23,8.5,85.2,97.5,85.4,Pass
S154,19,1.9,74.2,66.8,56.1,Pass
S155,20,6.7,92.7,87.3,94.7,Pass
S156,21,4.3,73.7,88.2,71.4,Pass
S157,18,4.9,73.6,72.9,69.4,Pass
S158,21,2.9,85.4,88.5,63.3,Pass
S159,21,4.3,87.6,76.2,70.7,Pass
S160,22,7.6,84.5,80.4,84.7,Pass
S161,23,6.2,63.1,81.7,98.6,Pass
S162,21,8.5,85.4,85.8,100.0,Pass
S163,20,7.4,69.7,81.1,94.4,Pass
S164,20,5.9,82.4,86.6,78.9,Pass
S165,20,8.5,65.8,95.3,88.9,Pass
S166,22,5.9,84.5,78.8,77.7,Pass
S167,19,6.7,71.9,92.6,59.8,Pass
S168,19,4.4,67.2,84.0,58.1,Pass
S169,20,5.1,87.1,92.6,64.7,Pass
S170,18,3.6,82.4,78.5,51.6,Pass
S171,18,7.0,73.9,97.2,75.1,Pass
S172,18,2.6,94.5,57.4,83.0,Pass
S173,22,6.6,75.6,82.5,84.1,Pass
S174,22,4.6,80.3,70.9,87.7,Pass
S175,22,7.3,82.7,90.0,94.1,Pass
S176,20,6.5,73.8,79.7,90.4,Pass
S177,22,8.6,84.7,93.3,89.5,Pass
S178,18,6.5,74.7,99.5,88.4,Pass
S179,23,1.9,75.9,64.9,67.6,Pass
S180,21,4.9,93.6,84.8,77.1,Pass
S181,23,2.7,69.6,66.5,67.9,Pass
S182,18,4.0,55.9,71.7,69.7,Pass
S183,20,8.0,96.1,94.3,93.7,Pass
S184,22,6.3,100.0,91.8,81.4,Pass
S185,20,3.6,75.9,82.4,58.9,Pass
S186,20,3.0,60.6,81.1,62.0,Pass
S187,18,5.1,76.9,81.7,80.4,Pass
S188,20,2.6,77.1,74.0,57.9,Pass
S189,19,3.7,78.1,64.7,71.1,Pass
S190,19,5.6,68.9,79.1,82.2,Pass
S191,22,7.3,85.8,97.2,97.1,Pass
S192,21,6.2,85.2,92.1,99.8,Pass
S193,21,1.0,65.1,62.4,64.3,Pass
S194,20,5.6,87.0,90.2,74.4,Pass
S195,23,5.1,100.0,87.3,100.0,Pass
S196,18,5.8,81.7,92.5,77.8,Pass
S197,20,8.2,76.6,93.9,100.0,Pass
S198,18,1.0,78.6,60.3,58.1,Pass
S199,20,3.8,86.2,78.4,70.5,Pass
S200,23,6.2,62.7,57.6,61.7,Pass
S201,20,1.8,81.6,70.0,61.0,Pass
S202,23,8.0,76.1,61.5,77.6,Pass
S203,20,5.7,98.5,71.7,96.7,Pass
S204,22,6.7,78.3,89.5,99.6,Pass
S205,20,3.9,96.7,81.8,71.2,Pass
S206,19,6.6,69.0,74.5,84.9,Pass
S207,22,7.1,85.9,83.2,84.0,Pass
S208,23,5.5,83.2,92.9,76.0,Pass
S209,19,5.5,71.3,76.0,84.4,Pass
S210,22,5.5,81.8,99.7,80.8,Pass
S211,19,3.3,92.1,74.8,89.4,Pass
S212,22,4.7,76.8,80.9,71.0,Pass
S213,22,4.7,63.1,88.1,79.6,Pass
S214,20,5.8,79.8,83.6,82.8,Pass
S215,22,7.0,71.0,77.8,92.0,Pass
S216,19,2.9,76.6,69.5,62.3,Pass
S217,18,4.7,79.2,77.8,75.8,Pass
S218,18,8.0,62.9,77.4,86.0,Pass
S219,20,3.5,63.8,68.4,57.3,Pass
S220,23,3.4,84.8,67.9,77.6,Pass
S221,18,5.4,74.8,87.5,84.0,Pass
S222,20,6.7,54.4,81.9,82.9,Pass
S223,22,5.0,87.8,78.5,94.6,Pass
S224,19,7.7,82.7,89.8,100.0,Pass
S225,22,6.7,72.9,86.7,80.6,Pass
S226,19,6.7,66.8,88.8,85.2,Pass
S227,22,6.1,88.4,77.3,80.8,Pass
S228,21,9.7,83.5,90.5,100.0,Pass
S229,21,4.6,100.0,90.2,77.6,Pass
S230,19,1.0,84.2,60.9,74.1,Pass
S231,20,8.2,83.9,81.6,98.6,Pass
S232,23,4.1,78.3,79.0,70.9,Pass
S233,18,5.2,88.2,85.4,92.6,Pass
S234,22,7.6,86.3,78.7,73.7,Pass
S235,20,1.8,92.5,70.7,48.2,Pass
S236,22,2.5,74.8,74.3,70.8,Pass
S237,21,1.8,75.6,68.8,61.0,Pass
S238,20,3.4,75.2,77.2,70.6,Pass
S239,19,5.9,87.9,73.2,73.3,Pass
S240,21,6.0,95.0,88.7,88.0,Pass
S241,18,5.6,75.4,78.6,97.4,Pass
S242,21,2.2,75.8,63.6,69.9,Pass
S243,18,1.0,83.1,70.9,60.6,Pass
S244,21,5.1,77.5,91.2,73.7,Pass
S245,21,4.1,89.5,91.9,73.3,Pass
S246,18,5.9,57.5,89.5,55.5,Pass
S247,22,6.4,71.7,82.6,84.4,Pass
S248,20,5.3,72.2,82.0,84.4,Pass
S249,22,6.5,56.8,87.4,63.2,Pass
S250,18,5.5,70.4,80.6,71.2,Pass
S251,19,6.1,70.8,83.2,69.9,Pass
S252,20,3.6,78.0,80.0,61.6,Pass
S253,19,4.6,91.1,79.3,80.4,Pass
S254,19,5.4,77.5,74.7,60.4,Pass
S255,21,6.6,69.7,80.6,87.9,Pass
S256,18,4.2,79.4,81.2,80.6,Pass
S257,22,6.0,90.5,85.3,84.4,Pass
S258,18,4.5,70.2,78.4,49.7,Pass
S259,19,4.8,70.9,82.3,64.8,Pass
S260,21,6.7,85.6,84.2,99.6,Pass
S261,22,1.0,77.8,69.1,35.0,Fail
S262,19,2.4,86.5,73.2,64.1,Pass
S263,19,2.0,79.9,57.5,52.3,Pass
S264,23,1.0,87.0,76.2,67.7,Pass
S265,23,3.6,69.6,67.9,61.3,Pass
S266,21,6.5,79.9,72.1,89.1,Pass
S267,20,4.4,77.9,68.3,79.4,Pass
S268,20,5.4,67.8,70.6,92.3,Pass
S269,21,7.2,64.4,85.8,81.7,Pass
S270,21,7.7,86.9,89.3,97.3,Pass
S271,19,4.9,76.5,75.7,62.9,Pass
S272,18,7.7,69.8,93.3,98.6,Pass
S273,18,5.2,79.0,82.7,71.8,Pass
S274,23,3.3,91.3,77.2,68.4,Pass
S275,20,3.8,57.2,73.8,63.8,Pass
S276,20,2.0,65.0,69.6,43.7,Pass
S277,20,3.2,70.8,53.7,67.8,Pass
S278,22,4.3,94.6,76.3,88.3,Pass
S279,18,6.6,82.8,68.9,89.6,Pass
S280,18,8.4,87.7,94.7,83.4,Pass
S281,19,2.2,68.6,66.1,58.9,Pass
S282,20,5.8,68.8,88.9,84.8,Pass
S283,22,2.9,84.5,81.3,52.2,Pass
S284,20,5.9,80.6,84.7,73.0,Pass
S285,20,4.7,85.5,75.2,86.3,Pass
S286,23,1.3,78.1,68.1,61.3,Pass
S287,18,6.9,82.8,83.3,92.2,Pass
S288,21,3.8,81.6,74.9,89.3,Pass
S289,21,3.9,87.8,84.3,79.4,Pass
S290,20,2.9,88.1,68.0,76.3,Pass
S291,22,3.7,63.8,77.7,90.2,Pass
S292,19,5.9,57.5,84.4,72.7,Pass
S293,23,4.6,90.0,72.0,72.3,Pass
S294,19,5.7,91.9,92.1,89.5,Pass
S295,21,5.7,69.8,86.0,81.9,Pass
S296,21,7.6,61.4,87.3,79.7,Pass
S297,23,4.3,81.0,70.7,65.6,Pass
S298,20,2.0,89.3,62.2,87.0,Pass
S299,19,7.1,98.0,86.7,97.7,Pass
S300,18,4.3,85.2,81.9,69.7,Pass
